MonitoringStation,EventId,Cruise,Program,Project,Agency,Source,Station,SampleDate,SampleTime,TotalDepth,UpperPycnocline,LowerPycnocline,Depth,Layer,SampleType,SampleReplicateType,Parameter,Qualifier,MeasureValue,Unit,Method,Lab,Problem,PrecisionPC,BiasPC,Details,Latitude,Longitude,TierLevel
CB6.4,110176,BAY313,TWQM,MAIN,VADEQ,ODU,CB6.4,2/16/2000,9:41:00,10,5,8,1,S ,D,S1,CHLA,,3.738,UG/L,L01 ,AMRL,,,,,37.23653,-76.20799,T3
CB6.4,110443,BAY314,TWQM,MAIN,VADEQ,ODU,CB6.4,3/14/2000,11:13:00,9,,,1,S ,D,S1,CHLA,,4.1652,UG/L,L01 ,AMRL,,,,,37.23653,-76.20799,T3
CB6.4,110952,BAY317,TWQM,MAIN,VADEQ,ODU,CB6.4,4/24/2000,13:56:00,11,7,9,1,S ,D,S1,CHLA,,12.282,UG/L,L01 ,AMRL,,,,Samples filtered day after collection.,37.23653,-76.20799,T3
CB6.4,111347,BAY319,TWQM,MAIN,VADEQ,ODU,CB6.4,5/26/2000,12:12:00,10,4,6,1,S ,D,S1,CHLA,,11.214,UG/L,L01 ,ODU,,,,,37.23653,-76.20799,T3
CB6.4,96802,BAY320,TWQM,MAIN,VADEQ,ODU,CB6.4,6/12/2000,13:06:00,10,5,6,1,S ,D,S1,CHLA,,7.209,UG/L,L01 ,ODU,,,,,37.23653,-76.20799,T3
CB6.4,97208,BAY322,TWQM,MAIN,VADEQ,ODU,CB6.4,7/14/2000,9:27:00,10,7,8,1,S ,D,S1,CHLA,,10.146,UG/L,L01 ,ODU,,,,,37.23653,-76.20799,T3
CB6.4,78163,BAY332,TWQM,MAIN,VADEQ,ODU,CB6.4,1/8/2001,9:48:00,11,3,3,1,S ,D,S1,CHLA,,2.2428,UG/L,L01 ,ODU,,,,,37.23653,-76.20799,T3
CB6.4,97389,BAY323,TWQM,MAIN,VADEQ,ODU,CB6.4,7/28/2000,9:49:00,10,6,7,1,S ,D,S1,CHLA,,12.816,UG/L,L01 ,ODU,,,,,37.23653,-76.20799,T3
CB6.4,97445,BAY324,TWQM,MAIN,VADEQ,ODU,CB6.4,8/7/2000,9:43:00,9,,,1,S ,D,S1,CHLA,,10.0392,UG/L,L01 ,ODU,,,,,37.23653,-76.20799,T3
CB6.4,97756,BAY325,TWQM,MAIN,VADEQ,ODU,CB6.4,8/25/2000,11:54:00,9,4,4,1,S ,D,S1,CHLA,,8.1168,UG/L,L01 ,ODU,,,,,37.23653,-76.20799,T3
CB6.4,97970,BAY326,TWQM,MAIN,VADEQ,ODU,CB6.4,9/14/2000,8:42:00,10,5,5,1,S ,D,S1,CHLA,,6.6216,UG/L,L01 ,ODU,,,,,37.23653,-76.20799,T3
CB6.4,98209,BAY328,TWQM,MAIN,VADEQ,ODU,CB6.4,10/10/2000,12:45:00,10,4,8,1,S ,D,S1,CHLA,,4.0584,UG/L,L01 ,ODU,,,,,37.23653,-76.20799,T3
CB6.4,98552,BAY330,TWQM,MAIN,VADEQ,ODU,CB6.4,11/13/2000,14:21:00,10,,,1,S ,D,S1,CHLA,,2.9904,UG/L,L01 ,ODU,,,,,37.23653,-76.20799,T3
CB6.4,98895,BAY331,TWQM,MAIN,VADEQ,ODU,CB6.4,12/14/2000,11:12:00,11,,,1,S ,D,S1,CHLA,,4.5924,UG/L,L01 ,ODU,,,,,37.23653,-76.20799,T3
CB6.4,59654,BAY352,TWQM,MAIN,VADEQ,ODU,CB6.4,1/16/2002,14:17:00,11,,,1,S ,D,S1,CHLA,,4.272,UG/L,L01 ,ODU,,,,,37.23653,-76.20799,T3
CB6.4,59926,BAY353,TWQM,MAIN,VADEQ,ODU,CB6.4,2/15/2002,12:52:00,11,,,1,S ,D,S1,CHLA,,1.8156,UG/L,L01 ,ODU,,,,,37.23653,-76.20799,T3
CB6.4,78611,BAY333,TWQM,MAIN,VADEQ,ODU,CB6.4,2/15/2001,11:48:00,10,4,6,1,S ,D,S1,CHLA,,2.67,UG/L,L01 ,ODU,,,,,37.23653,-76.20799,T3
CB6.4,78920,BAY335,TWQM,MAIN,VADEQ,ODU,CB6.4,3/23/2001,11:28:00,10,7,7,1,S ,D,S1,CHLA,,2.8836,UG/L,L01 ,ODU,,,,,37.23653,-76.20799,T3
CB6.4,79048,BAY336,TWQM,MAIN,VADEQ,ODU,CB6.4,4/2/2001,10:19:00,10,5,6,1,S ,D,S1,CHLA,,2.2428,UG/L,L01 ,ODU,,,,,37.23653,-76.20799,T3
CB6.4,79592,BAY338,TWQM,MAIN,VADEQ,ODU,CB6.4,5/10/2001,9:56:00,9,2,3,1,S ,D,S1,CHLA,,8.01,UG/L,L01 ,ODU,,,,,37.23653,-76.20799,T3
CB6.4,80030,BAY340,TWQM,MAIN,VADEQ,ODU,CB6.4,6/13/2001,13:03:00,9,3,6,1,S ,D,S1,CHLA,,6.408,UG/L,L01 ,ODU,,,,,37.23653,-76.20799,T3
CB6.4,90709,BAY342,TWQM,MAIN,VADEQ,ODU,CB6.4,7/12/2001,9:37:00,9,7,7,1,S ,D,S1,CHLA,,8.277,UG/L,L01 ,ODU,,,,,37.23653,-76.20799,T3
CB6.4,90845,BAY343,TWQM,MAIN,VADEQ,ODU,CB6.4,7/23/2001,13:28:00,8,6,6,1,S ,D,S1,CHLA,,5.5536,UG/L,L01 ,ODU,,,,,37.23653,-76.20799,T3
CB6.4,91064,BAY344,TWQM,MAIN,VADEQ,ODU,CB6.4,8/13/2001,10:10:00,9,5,5,1,S ,D,S1,CHLA,,6.5148,UG/L,L01 ,ODU,,,,,37.23653,-76.20799,T3
CB6.4,91366,BAY345,TWQM,MAIN,VADEQ,ODU,CB6.4,8/29/2001,10:27:00,9,5,7,1,S ,D,S1,CHLA,,5.7672,UG/L,L01 ,ODU,,,,,37.23653,-76.20799,T3
CB6.4,91456,BAY346,TWQM,MAIN,VADEQ,ODU,CB6.4,9/10/2001,10:12:00,9,4,4,1,S ,D,S1,CHLA,,7.6896,UG/L,L01 ,ODU,,,,,37.23653,-76.20799,T3
CB6.4,91815,BAY348,TWQM,MAIN,VADEQ,ODU,CB6.4,10/15/2001,10:14:00,10,,,1,S ,D,S1,CHLA,,3.4176,UG/L,L01 ,ODU,,,,,37.23653,-76.20799,T3
CB6.4,92242,BAY350,TWQM,MAIN,VADEQ,ODU,CB6.4,11/14/2001,9:58:00,10,,,1,S ,D,S1,CHLA,,1.9224,UG/L,L01 ,ODU,,,,,37.23653,-76.20799,T3
CB6.4,60199,BAY354,TWQM,MAIN,VADEQ,ODU,CB6.4,3/14/2002,15:00:00,10,6,8,1,S ,D,S1,CHLA,,1.2816,UG/L,L01 ,ODU,,,,,37.23653,-76.20799,T3
CB6.4,60785,BAY357,TWQM,MAIN,VADEQ,ODU,CB6.4,5/1/2002,14:08:00,10,,,1,S ,D,S1,CHLA,,4.6725,UG/L,L01 ,ODU,,,,,37.23653,-76.20799,T3
CB6.4,43603,BAY398,TWQM,MAIN,VADEQ,ODU,CB6.4,5/12/2004,8:41:00,10,3,3,1,S ,D,S1,CHLA,,5.18743,UG/L,L01 ,ODU,,,,,37.23653,-76.20799,T3
CB6.4,44122,BAY400,TWQM,MAIN,VADEQ,ODU,CB6.4,6/9/2004,8:56:00,10,4,4,1,S ,D,S1,CHLA,,13.528,UG/L,L01 ,ODU,,,,,37.23653,-76.20799,T3
CB6.4,37629,BAY404,TWQM,MAIN,VADEQ,ODU,CB6.4,8/12/2004,9:43:00,11,5,6,1,S ,D,S1,CHLA,,8.544,UG/L,L01 ,ODU,,,,,37.23653,-76.20799,T3
CB6.4,37921,BAY405,TWQM,MAIN,VADEQ,ODU,CB6.4,8/25/2004,10:02:00,9,,,1,S ,D,S1,CHLA,,12.994,UG/L,L01 ,ODU,,,,,37.23653,-76.20799,T3
CB6.4,61140,BAY359,TWQM,MAIN,VADEQ,ODU,CB6.4,5/23/2002,9:17:00,11,,,1,S ,D,S1,CHLA,,5.4735,UG/L,L01 ,ODU,,,,,37.23653,-76.20799,T3
CB6.4,61439,BAY361,TWQM,MAIN,VADEQ,ODU,CB6.4,6/17/2002,16:16:00,9,4,6,1,S ,D,S1,CHLA,,6.8085,UG/L,L01 ,ODU,,,,,37.23653,-76.20799,T3
CB6.4,65833,BAY362,TWQM,MAIN,VADEQ,ODU,CB6.4,7/15/2002,14:33:00,10,8,8,1,S ,D,S1,CHLA,,3.8715,UG/L,L01 ,ODU,,,,,37.23653,-76.20799,T3
CB6.4,65993,BAY363,TWQM,MAIN,VADEQ,ODU,CB6.4,7/26/2002,8:35:00,10,,,1,S ,D,S1,CHLA,,10.146,UG/L,L01 ,ODU,,,,,37.23653,-76.20799,T3
CB6.4,66282,BAY364,TWQM,MAIN,VADEQ,ODU,CB6.4,8/14/2002,15:24:00,10,,,1,S ,D,S1,CHLA,,5.34,UG/L,L01 ,ODU,,,,,37.23653,-76.20799,T3
CB6.4,54155,BAY382,TWQM,MAIN,VADEQ,ODU,CB6.4,7/9/2003,9:23:00,10,2,8,1,S ,D,S1,CHLA,,17.7288,UG/L,L01 ,ODU,,,,,37.23653,-76.20799,T3
CB6.4,54585,BAY384,TWQM,MAIN,VADEQ,ODU,CB6.4,8/4/2003,11:58:00,9,3,4,1,S ,D,S1,CHLA,,20.826,UG/L,L01 ,ODU,,,,,37.23653,-76.20799,T3
CB6.4,54966,BAY385,TWQM,MAIN,VADEQ,ODU,CB6.4,8/20/2003,9:11:00,9,4,7,1,S ,D,S1,CHLA,,11.3475,UG/L,L01 ,ODU,,,,,37.23653,-76.20799,T3
CB6.4,55737,BAY387,TWQM,MAIN,VADEQ,ODU,CB6.4,9/25/2003,13:13:00,10,,,1,S ,D,S1,CHLA,,16.376,UG/L,L01 ,ODU,,,,,37.23653,-76.20799,T3
CB6.4,48629,BAY389,TWQM,MAIN,VADEQ,ODU,CB6.4,10/24/2003,14:13:00,10,8,8,1,S ,D,S1,CHLA,,11.748,UG/L,L01 ,ODU,,,,,37.23653,-76.20799,T3
CB6.4,48871,BAY390,TWQM,MAIN,VADEQ,ODU,CB6.4,11/18/2003,8:13:00,10,7,7,1,S ,D,S1,CHLA,,6.5415,UG/L,L01 ,ODU,,,,,37.23653,-76.20799,T3
CB6.4,49257,BAY391,TWQM,MAIN,VADEQ,ODU,CB6.4,12/17/2003,10:58:00,10,7,8,1,S ,D,S1,CHLA,,32.307,UG/L,L01 ,ODU,,,,,37.23653,-76.20799,T3
CB6.4,49446,BAY392,TWQM,MAIN,VADEQ,ODU,CB6.4,1/12/2004,12:25:00,11,6,9,1,S ,D,S1,CHLA,,20.13943,UG/L,L01 ,ODU,,,,,37.23653,-76.20799,T3
CB6.4,50174,BAY394,TWQM,MAIN,VADEQ,ODU,CB6.4,3/24/2004,9:02:00,9,,,1,S ,D,S1,CHLA,,5.4735,UG/L,L01 ,ODU,,,,,37.23653,-76.20799,T3
CB6.4,50475,BAY396,TWQM,MAIN,VADEQ,ODU,CB6.4,4/14/2004,9:00:00,10,7,8,1,S ,D,S1,CHLA,,10.8135,UG/L,L01 ,ODU,,,,,37.23653,-76.20799,T3
CB6.4,44395,BAY401,TWQM,MAIN,VADEQ,ODU,CB6.4,6/23/2004,10:03:00,9,5,5,1,S ,D,S1,CHLA,,14.3112,UG/L,L01 ,ODU,,,,,37.23653,-76.20799,T3
CB6.4,44640,BAY402,TWQM,MAIN,VADEQ,ODU,CB6.4,7/8/2004,9:43:00,9,4,4,1,S ,D,S1,CHLA,,10.8936,UG/L,L01 ,ODU,,,,,37.23653,-76.20799,T3
CB6.4,44969,BAY403,TWQM,MAIN,VADEQ,ODU,CB6.4,7/21/2004,9:06:00,9,6,7,1,S ,D,S1,CHLA,,8.722,UG/L,L01 ,ODU,,,,,37.23653,-76.20799,T3
CB6.4,66443,BAY365,TWQM,MAIN,VADEQ,ODU,CB6.4,8/27/2002,13:54:00,10,,,1,S ,D,S1,CHLA,,6.8085,UG/L,L01 ,ODU,,,,,37.23653,-76.20799,T3
CB6.4,66707,BAY367,TWQM,MAIN,VADEQ,ODU,CB6.4,9/19/2002,15:09:00,10,7,8,1,S ,D,S1,CHLA,,5.9808,UG/L,L01 ,ODU,,,,,37.23653,-76.20799,T3
CB6.4,67062,BAY369,TWQM,MAIN,VADEQ,ODU,CB6.4,10/23/2002,13:28:00,11,,,1,S ,D,S1,CHLA,,4.806,UG/L,L01 ,ODU,,,,,37.23653,-76.20799,T3
CB6.4,67334,BAY370,TWQM,MAIN,VADEQ,ODU,CB6.4,11/19/2002,8:30:00,9,5,5,1,S ,D,S1,CHLA,,5.7405,UG/L,L01 ,ODU,,,,,37.23653,-76.20799,T3
CB6.4,71988,BAY372,TWQM,MAIN,VADEQ,ODU,CB6.4,1/16/2003,12:55:00,11,7,8,1,S ,D,S1,CHLA,,3.6312,UG/L,L01 ,ODU,,,,,37.23653,-76.20799,T3
CB6.4,72198,BAY373,TWQM,MAIN,VADEQ,ODU,CB6.4,2/14/2003,8:56:00,10,8,8,1,S ,D,S1,CHLA,,6.5148,UG/L,L01 ,ODU,,,,,37.23653,-76.20799,T3
CB6.4,72443,BAY374,TWQM,MAIN,VADEQ,ODU,CB6.4,3/13/2003,8:54:00,11,8,8,1,S ,D,S1,CHLA,,8.7576,UG/L,L01 ,ODU,,,,,37.23653,-76.20799,T3
CB6.4,72923,BAY376,TWQM,MAIN,VADEQ,ODU,CB6.4,4/22/2003,9:19:00,11,4,4,1,S ,D,S1,CHLA,,43.3875,UG/L,L01 ,ODU,,,,,37.23653,-76.20799,T3
CB6.4,73153,BAY378,TWQM,MAIN,VADEQ,ODU,CB6.4,5/7/2003,8:29:00,10,3,4,1,S ,D,S1,CHLA,,3.8715,UG/L,L01 ,ODU,,,,,37.23653,-76.20799,T3
CB6.4,73985,BAY381,TWQM,MAIN,VADEQ,ODU,CB6.4,6/19/2003,9:07:00,9,4,7,1,S ,D,S1,CHLA,,19.68172,UG/L,L01 ,ODU,,,,,37.23653,-76.20799,T3
CB6.4,2652,BAY439,TWQM,MAIN,VADEQ,ODU,CB6.4,5/24/2006,16:43:00,9,7,7,1,S ,D,S1,CHLA,,6.764,UG/L,L01 ,ODU,,,,,37.23653,-76.20799,T3
CB6.4,2903,BAY440,TWQM,MAIN,VADEQ,ODU,CB6.4,6/7/2006,8:37:00,11,8,8,1,S ,D,S1,CHLA,,6.586,UG/L,L01 ,ODU,,,,,37.23653,-76.20799,T3
CB6.4,3263,BAY441,TWQM,MAIN,VADEQ,ODU,CB6.4,6/20/2006,16:22:00,9,2,2,1,S ,D,S1,CHLA,,7.654,UG/L,L01 ,ODU,,,,,37.23653,-76.20799,T3
CB6.4,3866,BAY442,TWQM,MAIN,VADEQ,ODU,CB6.4,7/12/2006,7:41:00,10,3,3,1,S ,D,S1,CHLA,,9.79,UG/L,L01 ,ODU,,,,,37.23653,-76.20799,T3
CB6.4,4261,BAY443,TWQM,MAIN,VADEQ,ODU,CB6.4,7/26/2006,7:55:00,9,5,5,1,S ,D,S1,CHLA,,6.586,UG/L,L01 ,ODU,,,,,37.23653,-76.20799,T3
CB6.4,6601,BAY456,TWQM,MAIN,VADEQ,ODU,CB6.4,4/19/2007,9:36:00,10,4,4,1,S ,D,S1,CHLA,,12.638,UG/L,L01 ,ODU,,,,,37.23653,-76.20799,T3
CB6.4,7221,BAY458,TWQM,MAIN,VADEQ,ODU,CB6.4,5/12/2007,10:31:00,10,5,6,1,S ,D,S1,CHLA,,6.408,UG/L,L01 ,ODU,,,,,37.23653,-76.20799,T3
CB6.4,7719,BAY460,TWQM,MAIN,VADEQ,ODU,CB6.4,6/7/2007,15:14:00,9,5,7,1,S ,D,S1,CHLA,,5.874,UG/L,L01 ,ODU,,,,,37.23653,-76.20799,T3
CB6.4,7961,BAY461,TWQM,MAIN,VADEQ,ODU,CB6.4,6/20/2007,9:36:00,10,2,2,1,S ,D,S1,CHLA,,9.078,UG/L,L01 ,ODU,,,,,37.23653,-76.20799,T3
CB6.4,27845,BAY418,TWQM,MAIN,VADEQ,ODU,CB6.4,5/11/2005,8:58:00,9,3,4,1,S ,D,S1,CHLA,,16.93543,UG/L,L01 ,ODU,,,,,37.23653,-76.20799,T3
CB6.4,28554,BAY420,TWQM,MAIN,VADEQ,ODU,CB6.4,6/15/2005,8:39:00,10,8,8,1,S ,D,S1,CHLA,,6.25543,UG/L,L01 ,ODU,,,,,37.23653,-76.20799,T3
CB6.4,28841,BAY421,TWQM,MAIN,VADEQ,ODU,CB6.4,6/29/2005,8:31:00,9,7,7,1,S ,D,S1,CHLA,,9.73067,UG/L,L01 ,ODU,,,,,37.23653,-76.20799,T3
CB6.4,23421,BAY425,TWQM,MAIN,VADEQ,ODU,CB6.4,8/24/2005,8:07:00,9,4,4,1,S ,D,S1,CHLA,,5.607,UG/L,L01 ,ODU,,,,,37.23653,-76.20799,T3
CB6.4,23916,BAY426,TWQM,MAIN,VADEQ,ODU,CB6.4,9/20/2005,12:13:00,11,4,4,1,S ,D,S1,CHLA,,7.6095,UG/L,L01 ,ODU,,,,,37.23653,-76.20799,T3
CB6.4,25099,BAY430,TWQM,MAIN,VADEQ,ODU,CB6.4,11/28/2005,13:12:00,9,,,1,S ,D,S1,CHLA,,9.45943,UG/L,L01 ,ODU,,,,,37.23653,-76.20799,T3
CB6.4,14923,BAY431,TWQM,MAIN,VADEQ,ODU,CB6.4,12/16/2005,13:03:00,10,2,2,1,S ,D,S1,CHLA,,5.874,UG/L,L01 ,ODU,,,,,37.23653,-76.20799,T3
CB6.4,15289,BAY432,TWQM,MAIN,VADEQ,ODU,CB6.4,1/19/2006,12:42:00,9,5,7,1,S ,D,S1,CHLA,,9.8256,UG/L,L01 ,ODU,,,,,37.23653,-76.20799,T3
CB6.4,15870,BAY434,TWQM,MAIN,VADEQ,ODU,CB6.4,3/8/2006,14:30:00,9,,,1,S ,D,S1,CHLA,,11.214,UG/L,L01 ,ODU,,,,,37.23653,-76.20799,T3
CB6.4,16282,BAY436,TWQM,MAIN,VADEQ,ODU,CB6.4,4/6/2006,16:23:00,9,6,6,1,S ,D,S1,CHLA,,1.958,UG/L,L01 ,ODU,,,,,37.23653,-76.20799,T3
CB6.4,11092,BAY444,TWQM,MAIN,VADEQ,ODU,CB6.4,8/17/2006,8:04:00,10,6,6,1,S ,D,S1,CHLA,,7.12,UG/L,L01 ,ODU,,,,,37.23653,-76.20799,T3
CB6.4,11392,BAY445,TWQM,MAIN,VADEQ,ODU,CB6.4,8/30/2006,7:41:00,10,8,8,1,S ,D,S1,CHLA,,5.518,UG/L,L01 ,ODU,,,,,37.23653,-76.20799,T3
CB6.4,11861,BAY446,TWQM,MAIN,VADEQ,ODU,CB6.4,9/19/2006,15:57:00,10,4,6,1,S ,D,S1,CHLA,,8.188,UG/L,L01 ,ODU,,,,,37.23653,-76.20799,T3
CB6.4,19638,BAY450,TWQM,MAIN,VADEQ,ODU,CB6.4,11/17/2006,11:36:00,10,7,7,1,S ,D,S1,CHLA,,7.476,UG/L,L01 ,ODU,,,,,37.23653,-76.20799,T3
CB6.4,19921,BAY451,TWQM,MAIN,VADEQ,ODU,CB6.4,12/11/2006,11:09:00,10,,,1,S ,D,S1,CHLA,,4.984,UG/L,L01 ,ODU,,,,,37.23653,-76.20799,T3
CB6.4,20204,BAY452,TWQM,MAIN,VADEQ,ODU,CB6.4,1/11/2007,8:27:00,10,,,1,S ,D,S1,CHLA,,8.277,UG/L,L01 ,ODU,,,,,37.23653,-76.20799,T3
CB6.4,20469,BAY453,TWQM,MAIN,VADEQ,ODU,CB6.4,2/12/2007,12:24:00,9,3,6,1,S ,D,S1,CHLA,,6.408,UG/L,L01 ,ODU,,,,,37.23653,-76.20799,T3
CB6.4,20801,BAY454,TWQM,MAIN,VADEQ,ODU,CB6.4,3/14/2007,8:45:00,11,7,7,1,S ,D,S1,CHLA,,8.4105,UG/L,L01 ,ODU,,,,,37.23653,-76.20799,T3
CB6.4,81840,BAY495,TWQM,MAIN,VADEQ,ODU,CB6.4,12/18/2008,15:11:00,10,,,1,S ,D,S1,CHLA,,6.1944,UG/L,L01 ,ODU,,,,,37.23653,-76.20799,T3
CB6.4,82014,BAY496,TWQM,MAIN,VADEQ,ODU,CB6.4,1/13/2009,12:47:00,10,,,1,S ,D,S1,CHLA,,5.49257,UG/L,L01 ,ODU,,,,,37.23653,-76.20799,T3
CB6.4,38142,BAY406,TWQM,MAIN,VADEQ,ODU,CB6.4,9/10/2004,11:55:00,8,,,1,S ,D,S1,CHLA,,16.4205,UG/L,L01 ,ODU,,,,,37.23653,-76.20799,T3
CB6.4,38504,BAY407,TWQM,MAIN,VADEQ,ODU,CB6.4,9/24/2004,9:01:00,9,,,1,S ,D,S1,CHLA,,6.8085,UG/L,L01 ,ODU,,,,,37.23653,-76.20799,T3
CB6.4,38860,BAY408,TWQM,MAIN,VADEQ,ODU,CB6.4,10/14/2004,9:17:00,10,7,8,1,S ,D,S1,CHLA,,8.277,UG/L,L01 ,ODU,,,,,37.23653,-76.20799,T3
CB6.4,39367,BAY410,TWQM,MAIN,VADEQ,ODU,CB6.4,11/16/2004,8:49:00,9,5,5,1,S ,D,S1,CHLA,,8.277,UG/L,L01 ,ODU,,,,,37.23653,-76.20799,T3
CB6.4,33217,BAY411,TWQM,MAIN,VADEQ,ODU,CB6.4,12/10/2004,8:30:00,8,5,5,1,S ,D,S1,CHLA,,6.942,UG/L,L01 ,ODU,,,,,37.23653,-76.20799,T3
CB6.4,33455,BAY412,TWQM,MAIN,VADEQ,ODU,CB6.4,1/11/2005,9:34:00,10,3,5,1,S ,D,S1,CHLA,,7.743,UG/L,L01 ,ODU,,,,,37.23653,-76.20799,T3
CB6.4,33979,BAY413,TWQM,MAIN,VADEQ,ODU,CB6.4,2/16/2005,13:36:00,10,4,8,1,S ,D,S1,CHLA,,9.345,UG/L,L01 ,ODU,,,,,37.23653,-76.20799,T3
CB6.4,34285,BAY414,TWQM,MAIN,VADEQ,ODU,CB6.4,3/16/2005,11:01:00,9,7,7,1,S ,D,S1,CHLA,,6.675,UG/L,L01 ,ODU,,,,,37.23653,-76.20799,T3
CB6.4,34677,BAY416,TWQM,MAIN,VADEQ,ODU,CB6.4,4/11/2005,8:50:00,10,,,1,S ,D,S1,CHLA,,40.228,UG/L,L01 ,ODU,,,,,37.23653,-76.20799,T3
CB6.4,29227,BAY422,TWQM,MAIN,VADEQ,ODU,CB6.4,7/15/2005,8:55:00,9,5,7,1,S ,D,S1,CHLA,,12.549,UG/L,L01 ,ODU,,,,,37.23653,-76.20799,T3
CB6.4,29501,BAY423,TWQM,MAIN,VADEQ,ODU,CB6.4,7/27/2005,11:17:00,9,3,3,1,S ,D,S1,CHLA,,9.79,UG/L,L01 ,ODU,,,,,37.23653,-76.20799,T3
CB6.4,29784,BAY424,TWQM,MAIN,VADEQ,ODU,CB6.4,8/10/2005,8:32:00,9,4,4,1,S ,D,S1,CHLA,,9.76457,UG/L,L01 ,ODU,,,,,37.23653,-76.20799,T3
CB6.4,87213,BAY469,TWQM,MAIN,VADEQ,ODU,CB6.4,10/17/2007,9:56:00,11,,,1,S ,D,S1,CHLA,,10.0392,UG/L,L01 ,ODU,,,,,37.23653,-76.20799,T3
CB6.4,87402,BAY470,TWQM,MAIN,VADEQ,ODU,CB6.4,11/14/2007,10:06:00,10,,,1,S ,D,S1,CHLA,,6.7284,UG/L,L01 ,ODU,,,,,37.23653,-76.20799,T3
CB6.4,80448,BAY489,TWQM,MAIN,VADEQ,ODU,CB6.4,9/29/2008,10:43:00,10,8,8,1,S ,D,S1,CHLA,,7.832,UG/L,L01 ,ODU,,,,Red observed on the filter.  Not obvious in the water during sampling.,37.23653,-76.20799,T3
CB6.4,81228,BAY491,TWQM,MAIN,VADEQ,ODU,CB6.4,10/31/2008,15:55:00,9,,,1,S ,D,S1,CHLA,,8.4105,UG/L,L01 ,ODU,,,,,37.23653,-76.20799,T3
CB6.4,81628,BAY493,TWQM,MAIN,VADEQ,ODU,CB6.4,11/17/2008,11:44:00,10,,,1,S ,D,S1,CHLA,,4.806,UG/L,L01 ,ODU,,,,,37.23653,-76.20799,T3
CB6.4,99052,BAY498,TWQM,MAIN,VADEQ,ODU,CB6.4,2/10/2009,15:08:00,9,,,1,S ,D,S1,CHLA,,3.3375,UG/L,L01 ,ODU,,,,,37.23653,-76.20799,T3
CB6.4,99324,BAY501,TWQM,MAIN,VADEQ,ODU,CB6.4,3/23/2009,17:00:00,10,,,1,S ,D,S1,CHLA,,4.1652,UG/L,L01 ,ODU,,,,Samples filtered in laboratory day after collection,37.23653,-76.20799,T3
CB6.4,99966,BAY502,TWQM,MAIN,VADEQ,ODU,CB6.4,4/13/2009,10:20:00,9,,,1,S ,D,S1,CHLA,,7.743,UG/L,L01 ,ODU,,,,,37.23653,-76.20799,T3
CB6.4,100380,BAY504,TWQM,MAIN,VADEQ,ODU,CB6.4,5/14/2009,9:42:00,9,,,1,S ,D,S1,CHLA,,6.408,UG/L,L01 ,ODU,,,,Filtered approximately 4 hours after collection.,37.23653,-76.20799,T3
CB6.4,25546,BAY603,TWQM,MAIN,VADEQ,ODU,CB6.4,6/25/2013,16:06:00,9,2,5,1,S ,D,S1,CHLA,,9.078,UG/L,L01 ,ODU,,,,Sample collected approximately 15 minutes before above pycnocline sample collected.,37.23653,-76.20799,T3
CB6.4,124160,BAY462,TWQM,MAIN,VADEQ,ODU,CB6.4,7/11/2007,9:53:00,10,4,8,1,S ,D,S1,CHLA,,8.01,UG/L,L01 ,ODU,,,,,37.23653,-76.20799,T3
CB6.4,124519,BAY463,TWQM,MAIN,VADEQ,ODU,CB6.4,7/26/2007,10:12:00,10,8,8,1,S ,D,S1,CHLA,,6.408,UG/L,L01 ,ODU,,,,,37.23653,-76.20799,T3
CB6.4,124880,BAY464,TWQM,MAIN,VADEQ,ODU,CB6.4,8/8/2007,9:55:00,10,2,8,1,S ,D,S1,CHLA,,5.874,UG/L,L01 ,ODU,,,,,37.23653,-76.20799,T3
CB6.4,125185,BAY465,TWQM,MAIN,VADEQ,ODU,CB6.4,8/23/2007,10:21:00,10,8,8,1,S ,D,S1,CHLA,,10.413,UG/L,L01 ,ODU,,,,,37.23653,-76.20799,T3
CB6.4,125943,BAY467,TWQM,MAIN,VADEQ,ODU,CB6.4,9/24/2007,12:26:00,9,6,7,1,S ,D,S1,CHLA,,10.8135,UG/L,L01 ,ODU,,,,,37.23653,-76.20799,T3
CB6.4,87985,BAY473,TWQM,MAIN,VADEQ,ODU,CB6.4,1/23/2008,16:08:00,10,,,1,S ,D,S1,CHLA,,4.1385,UG/L,L01 ,ODU,,,,,37.23653,-76.20799,T3
CB6.4,88327,BAY474,TWQM,MAIN,VADEQ,ODU,CB6.4,2/25/2008,10:11:00,10,5,6,1,S ,D,S1,CHLA,,2.61067,UG/L,L01 ,ODU,,,,,37.23653,-76.20799,T3
CB6.4,131320,BAY479,TWQM,MAIN,VADEQ,ODU,CB6.4,4/24/2008,12:19:00,9,4,4,1,S ,D,S1,CHLA,,7.35733,UG/L,L01 ,ODU,,,,,37.23653,-76.20799,T3
CB6.4,131752,BAY480,TWQM,MAIN,VADEQ,ODU,CB6.4,5/15/2008,15:28:00,9,4,4,1,S ,D,S1,CHLA,,5.2065,UG/L,L01 ,ODU,,,,,37.23653,-76.20799,T3
CB6.4,117816,BAY482,TWQM,MAIN,VADEQ,ODU,CB6.4,6/12/2008,10:12:00,9,7,7,1,S ,D,S1,CHLA,,5.874,UG/L,L01 ,ODU,,,,,37.23653,-76.20799,T3
CB6.4,118401,BAY484,TWQM,MAIN,VADEQ,ODU,CB6.4,7/10/2008,9:13:00,9,,,1,S ,D,S1,CHLA,,8.4105,UG/L,L01 ,ODU,,,,,37.23653,-76.20799,T3
CB6.4,118667,BAY485,TWQM,MAIN,VADEQ,ODU,CB6.4,7/22/2008,16:27:00,9,5,7,1,S ,D,S1,CHLA,,7.8765,UG/L,L01 ,ODU,,,,,37.23653,-76.20799,T3
CB6.4,119142,BAY486,TWQM,MAIN,VADEQ,ODU,CB6.4,8/13/2008,10:03:00,9,7,7,1,S ,D,S1,CHLA,,8.08629,UG/L,L01 ,ODU,,,,,37.23653,-76.20799,T3
CB6.4,119704,BAY487,TWQM,MAIN,VADEQ,ODU,CB6.4,9/2/2008,10:41:00,9,3,3,1,S ,D,S1,CHLA,,4.806,UG/L,L01 ,ODU,,,,,37.23653,-76.20799,T3
CB6.4,50867,BAY565,TWQM,MAIN,VADEQ,ODU,CB6.4,11/28/2011,10:48:00,10,2,2,1,S ,D,S1,CHLA,,9.2916,UG/L,L01 ,ODU,,,,Sample collected approximately 15 minutes before above pycnocline sample collected.,37.23653,-76.20799,T3
CB6.4,51048,BAY566,TWQM,MAIN,VADEQ,ODU,CB6.4,12/13/2011,15:08:00,9,,,1,S ,D,S1,CHLA,,6.7284,UG/L,L01 ,ODU,,,,,37.23653,-76.20799,T3
CB6.4,51281,BAY568,TWQM,MAIN,VADEQ,ODU,CB6.4,1/10/2012,15:43:00,9,6,6,1,S ,D,S1,CHLA,,8.7576,UG/L,L01 ,ODU,,,,,37.23653,-76.20799,T3
CB6.4,51517,BAY570,TWQM,MAIN,VADEQ,ODU,CB6.4,2/15/2012,15:57:00,9,7,7,1,S ,D,S1,CHLA,,17.622,UG/L,L01 ,ODU,,,,,37.23653,-76.20799,T3
CB6.4,56066,BAY573,TWQM,MAIN,VADEQ,ODU,CB6.4,3/16/2012,13:24:00,9,3,5,1,S ,D,S1,CHLA,,13.2432,UG/L,L01 ,ODU,,,,,37.23653,-76.20799,T3
CB6.4,39956,BAY581,TWQM,MAIN,VADEQ,ODU,CB6.4,7/25/2012,16:10:00,10,,,1,S ,D,S1,CHLA,,22.88572,UG/L,L01 ,ODU,,,,Algal bloom noted North of this station.,37.23653,-76.20799,T3
CB6.4,40166,BAY582,TWQM,MAIN,VADEQ,ODU,CB6.4,8/8/2012,15:59:00,9,,,1,S ,D,S1,CHLA,,6.10286,UG/L,L01 ,ODU,,,,,37.23653,-76.20799,T3
CB6.4,40362,BAY583,TWQM,MAIN,VADEQ,ODU,CB6.4,8/22/2012,15:37:00,9,7,7,1,S ,D,S1,CHLA,,7.476,UG/L,L01 ,ODU,,,,,37.23653,-76.20799,T3
CB6.4,40666,BAY585,TWQM,MAIN,VADEQ,ODU,CB6.4,9/17/2012,12:23:00,11,2,2,1,S ,D,S1,CHLA,,3.8448,UG/L,L01 ,ODU,,,,Sample collected approximately 15 minutes before above pycnocline sample collected.,37.23653,-76.20799,T3
CB6.4,45294,BAY586,TWQM,MAIN,VADEQ,ODU,CB6.4,10/15/2012,12:10:00,10,,,1,S ,D,S1,CHLA,,3.738,UG/L,L01 ,ODU,,,,,37.23653,-76.20799,T3
CB6.4,45575,BAY588,TWQM,MAIN,VADEQ,ODU,CB6.4,11/12/2012,12:15:00,10,,,1,S ,D,S1,CHLA,,7.1556,UG/L,L01 ,ODU,,,,,37.23653,-76.20799,T3
CB6.4,45830,BAY590,TWQM,MAIN,VADEQ,ODU,CB6.4,12/10/2012,10:24:00,11,4,6,1,S ,D,S1,CHLA,,4.9128,UG/L,L01 ,ODU,,,,,37.23653,-76.20799,T3
CB6.4,46088,BAY593,TWQM,MAIN,VADEQ,ODU,CB6.4,1/16/2013,13:42:00,10,4,4,1,S ,D,S1,CHLA,,7.7964,UG/L,L01 ,ODU,,,,,37.23653,-76.20799,T3
CB6.4,29977,BAY594,TWQM,MAIN,VADEQ,ODU,CB6.4,2/14/2013,14:43:00,10,2,2,1,S ,D,S1,CHLA,,2.8836,UG/L,L01 ,ODU,,,,Sample collected approximately 20 minutes before above pycnocline sample collected.,37.23653,-76.20799,T3
CB6.4,30151,BAY597,TWQM,MAIN,VADEQ,ODU,CB6.4,3/20/2013,11:18:00,9,7,7,1,S ,D,S1,CHLA,,17.91867,UG/L,L01 ,ODU,,,,,37.23653,-76.20799,T3
CB6.4,30429,BAY598,TWQM,MAIN,VADEQ,ODU,CB6.4,4/16/2013,15:46:00,10,8,8,1,S ,D,S1,CHLA,,2.5632,UG/L,L01 ,ODU,,,,,37.23653,-76.20799,T3
CB6.4,30675,BAY600,TWQM,MAIN,VADEQ,ODU,CB6.4,5/14/2013,13:20:00,9,7,7,1,S ,D,S1,CHLA,,8.544,UG/L,L01 ,ODU,,,,,37.23653,-76.20799,T3
CB6.4,30806,BAY602,TWQM,MAIN,VADEQ,ODU,CB6.4,6/3/2013,11:43:00,9,4,4,1,S ,D,S1,CHLA,,7.93371,UG/L,L01 ,ODU,,,,,37.23653,-76.20799,T3
CB6.4,61699,BAY535,TWQM,MAIN,VADEQ,ODU,CB6.4,8/26/2010,17:07:00,9,6,6,1,S ,D,S1,CHLA,,9.2115,UG/L,L01 ,ODU,,,,,37.23653,-76.20799,T3
CB6.4,62125,BAY537,TWQM,MAIN,VADEQ,ODU,CB6.4,9/23/2010,9:40:00,9,2,2,1,S ,D,S1,CHLA,,5.4468,UG/L,L01 ,ODU,,,,Sample collected approximately 15 minutes before AP was collected.,37.23653,-76.20799,T3
CB6.4,62605,BAY539,TWQM,MAIN,VADEQ,ODU,CB6.4,10/20/2010,11:04:00,10,,,1,S ,D,S1,CHLA,,13.083,UG/L,L01 ,ODU,,,,,37.23653,-76.20799,T3
CB6.4,63037,BAY541,TWQM,MAIN,VADEQ,ODU,CB6.4,11/16/2010,15:40:00,7,4,4,1,S ,D,S1,CHLA,,3.5244,UG/L,L01 ,ODU,,,,,37.23653,-76.20799,T3
CB6.4,63210,BAY543,TWQM,MAIN,VADEQ,ODU,CB6.4,12/17/2010,12:25:00,9,,,1,S ,D,S1,CHLA,,5.874,UG/L,L01 ,ODU,,,,,37.23653,-76.20799,T3
CB6.4,63508,BAY544,TWQM,MAIN,VADEQ,ODU,CB6.4,1/10/2011,12:22:00,10,8,8,1,S ,D,S1,CHLA,,3.8448,UG/L,L01 ,ODU,,,,,37.23653,-76.20799,T3
CB6.4,67942,BAY546,TWQM,MAIN,VADEQ,ODU,CB6.4,2/9/2011,13:36:00,9,,,1,S ,D,S1,CHLA,,3.9516,UG/L,L01 ,ODU,,,,,37.23653,-76.20799,T3
CB6.4,68404,BAY549,TWQM,MAIN,VADEQ,ODU,CB6.4,3/17/2011,13:01:00,8,,,1,S ,D,S1,CHLA,,2.136,UG/L,L01 ,ODU,,,,,37.23653,-76.20799,T3
CB6.4,68663,BAY550,TWQM,MAIN,VADEQ,ODU,CB6.4,4/12/2011,16:57:00,9,6,6,1,S ,D,S1,CHLA,,15.6195,UG/L,L01 ,ODU,,,,,37.23653,-76.20799,T3
CB6.4,69083,BAY552,TWQM,MAIN,VADEQ,ODU,CB6.4,5/10/2011,16:10:00,10,4,4,1,S ,D,S1,CHLA,,10.5732,UG/L,L01 ,ODU,,,,,37.23653,-76.20799,T3
CB6.4,69352,BAY554,TWQM,MAIN,VADEQ,ODU,CB6.4,6/7/2011,16:20:00,10,,,1,S ,D,S1,CHLA,,11.748,UG/L,L01 ,ODU,,,,,37.23653,-76.20799,T3
CB6.4,74056,BAY555,TWQM,MAIN,VADEQ,ODU,CB6.4,6/29/2011,9:26:00,9,6,7,1,S ,D,S1,CHLA,,10.2528,UG/L,L01 ,ODU,,,,,37.23653,-76.20799,T3
CB6.4,74285,BAY556,TWQM,MAIN,VADEQ,ODU,CB6.4,7/12/2011,16:12:00,8,2,2,1,S ,D,S1,CHLA,,17.266,UG/L,L01 ,ODU,,,,Sample collected approximately 10 minutes before surface pycnocline sample was collected.,37.23653,-76.20799,T3
CB6.4,74736,BAY558,TWQM,MAIN,VADEQ,ODU,CB6.4,8/10/2011,13:06:00,9,3,3,1,S ,D,S1,CHLA,,4.005,UG/L,L01 ,ODU,,,,Sample extracts in freezer when power went out after Hurricane Irene.  Samples surrounded by ice bags.  All frozen samples and ice stayed frozen.  Freezer reached a high temperature of 0 C.,37.23653,-76.20799,T3
CB6.4,56436,BAY575,TWQM,MAIN,VADEQ,ODU,CB6.4,4/19/2012,10:48:00,8,,,1,S ,D,S1,CHLA,,11.4276,UG/L,L01 ,ODU,,,,Samples filtered in laboratory the day after collection.,37.23653,-76.20799,T3
CB6.4,56836,BAY577,TWQM,MAIN,VADEQ,ODU,CB6.4,5/23/2012,13:47:00,7,5,5,1,S ,D,S1,CHLA,,5.4468,UG/L,L01 ,ODU,,,,,37.23653,-76.20799,T3
CB6.4,56902,BAY578,TWQM,MAIN,VADEQ,ODU,CB6.4,6/4/2012,12:52:00,9,,,1,S ,D,S1,CHLA,,7.476,UG/L,L01 ,ODU,,,,,37.23653,-76.20799,T3
CB6.4,57288,BAY579,TWQM,MAIN,VADEQ,ODU,CB6.4,6/28/2012,9:38:00,9,7,7,1,S ,D,S1,CHLA,,5.073,UG/L,L01 ,ODU,,,,,37.23653,-76.20799,T3
CB6.4,100677,BAY504,TWQM,MAIN,VADEQ,ODU,CB6.4,6/2/2009,11:31:00,9,6,6,1,S ,D,S1,CHLA,,4.4055,UG/L,L01 ,ODU,,,,,37.23653,-76.20799,T3
CB6.4,105762,BAY508,TWQM,MAIN,VADEQ,ODU,CB6.4,7/15/2009,16:11:00,9,5,7,1,S ,D,S1,CHLA,,10.98514,UG/L,L01 ,ODU,,,,,37.23653,-76.20799,T3
CB6.4,105946,BAY509,TWQM,MAIN,VADEQ,ODU,CB6.4,7/29/2009,10:09:00,9,3,3,1,S ,D,S1,CHLA,,7.62857,UG/L,L01 ,ODU,,,,,37.23653,-76.20799,T3
CB6.4,106304,BAY510,TWQM,MAIN,VADEQ,ODU,CB6.4,8/12/2009,10:14:00,9,4,4,1,S ,D,S1,CHLA,,5.874,UG/L,L01 ,ODU,,,,,37.23653,-76.20799,T3
CB6.4,106503,BAY511,TWQM,MAIN,VADEQ,ODU,CB6.4,8/25/2009,16:48:00,9,,,1,S ,D,S1,CHLA,,9.00171,UG/L,L01 ,ODU,,,,,37.23653,-76.20799,T3
CB6.4,106913,BAY512,TWQM,MAIN,VADEQ,ODU,CB6.4,9/15/2009,15:44:00,9,,,1,S ,D,S1,CHLA,,8.9445,UG/L,L01 ,ODU,,,,,37.23653,-76.20799,T3
CB6.4,93002,BAY515,TWQM,MAIN,VADEQ,ODU,CB6.4,10/29/2009,10:00:00,10,,,1,S ,D,S1,CHLA,,4.0584,UG/L,L01 ,ODU,,,,Filtered approximately 9 1/2 hours after collection.,37.23653,-76.20799,T3
CB6.4,93544,BAY517,TWQM,MAIN,VADEQ,ODU,CB6.4,11/16/2009,11:53:00,9,,,1,S ,D,S1,CHLA,,10.4664,UG/L,L01 ,ODU,,,,,37.23653,-76.20799,T3
CB6.4,93667,BAY518,TWQM,MAIN,VADEQ,ODU,CB6.4,12/7/2009,12:50:00,9,,,1,S ,D,S1,CHLA,,7.3425,UG/L,L01 ,ODU,,,,,37.23653,-76.20799,T3
CB6.4,93849,BAY520,TWQM,MAIN,VADEQ,ODU,CB6.4,1/13/2010,14:12:00,9,7,7,1,S ,D,S1,CHLA,,18.156,UG/L,L01 ,ODU,,,,,37.23653,-76.20799,T3
CB6.4,94114,BAY522,TWQM,MAIN,VADEQ,ODU,CB6.4,2/9/2010,12:24:00,9,2,2,1,S ,D,S1,CHLA,,11.8815,UG/L,L01 ,ODU,,,,Sample collected approximately 10 minutes before AP was collected.,37.23653,-76.20799,T3
CB6.4,94446,BAY525,TWQM,MAIN,VADEQ,ODU,CB6.4,3/18/2010,13:38:00,9,3,3,1,S ,D,S1,CHLA,,8.3304,UG/L,L01 ,ODU,,,,,37.23653,-76.20799,T3
CB6.4,111649,BAY526,TWQM,MAIN,VADEQ,ODU,CB6.4,4/12/2010,13:37:00,9,6,6,1,S ,D,S1,CHLA,,5.49257,UG/L,L01 ,ODU,,,,,37.23653,-76.20799,T3
CB6.4,112157,BAY528,TWQM,MAIN,VADEQ,ODU,CB6.4,5/14/2010,10:23:00,9,4,6,1,S ,D,S1,CHLA,,14.952,UG/L,L01 ,ODU,,,,Used plastic disposable pipette to transfer sample from centrifuge tube to cuvette; and to mix the acid when added.  SOP specifies glass disposable pipette.,37.23653,-76.20799,T3
CB6.4,112378,BAY530,TWQM,MAIN,VADEQ,ODU,CB6.4,6/4/2010,10:50:00,9,3,3,1,S ,D,S1,CHLA,,6.408,UG/L,L01 ,ODU,,,,,37.23653,-76.20799,T3
CB6.4,75366,BAY561,TWQM,MAIN,VADEQ,ODU,CB6.4,9/22/2011,8:05:00,9,,,1,S ,D,S1,CHLA,,6.0075,UG/L,L01 ,ODU,,,,,37.23653,-76.20799,T3
CB6.4,75470,BAY562,TWQM,MAIN,VADEQ,ODU,CB6.4,10/3/2011,9:32:00,9,,,1,S ,D,S1,CHLA,,5.607,UG/L,L01 ,ODU,,,,,37.23653,-76.20799,T3
CB6.4,75745,BAY563,TWQM,MAIN,VADEQ,ODU,CB6.4,10/18/2011,12:49:00,10,6,6,1,S ,D,S1,CHLA,,16.02,UG/L,L01 ,ODU,,,,The ODU phytoplankton laboratory reported there was a dinoflagellate bloom at the CB6.4 site. There were approximately 110/mL Ceratium furca and 1440/mL Prorocentrum micans from a sample collected at this station.,37.23653,-76.20799,T3
CB6.4,112613,BAY531,TWQM,MAIN,VADEQ,ODU,CB6.4,6/23/2010,15:50:00,8,,,1,S ,D,S1,CHLA,,21.538,UG/L,L01 ,ODU,,,,,37.23653,-76.20799,T3
CB6.4,112979,BAY532,TWQM,MAIN,VADEQ,ODU,CB6.4,7/14/2010,10:46:00,9,,,1,S ,D,S1,CHLA,,10.8135,UG/L,L01 ,ODU,,,,,37.23653,-76.20799,T3
CB6.4,113187,BAY534,TWQM,MAIN,VADEQ,ODU,CB6.4,8/3/2010,14:40:00,8,5,5,1,S ,D,S1,CHLA,,8.544,UG/L,L01 ,ODU,,,,,37.23653,-76.20799,T3
CB6.4,384097,BAY632,TWQM,MAIN,VADEQ,ODU,CB6.4,9/16/2014,15:01:00,10,,,1,S ,D,S1,CHLA,,7.476,UG/L,L01 ,ODU,,,,,37.23653,-76.20799,T3
CB6.4,384098,BAY635,TWQM,MAIN,VADEQ,ODU,CB6.4,10/21/2014,16:46:00,9,3,3,1,S ,D,S1,CHLA,,5.1264,UG/L,L01 ,ODU,,,,,37.23653,-76.20799,T3
CB6.4,384145,BAY637,TWQM,MAIN,VADEQ,ODU,CB6.4,11/25/2014,12:22:00,11,,,1,S ,D,S1,CHLA,,5.607,UG/L,L01 ,ODU,,,,,37.23653,-76.20799,T3
CB6.4,384146,BAY638,TWQM,MAIN,VADEQ,ODU,CB6.4,12/16/2014,15:53:00,10,5,5,1,S ,D,S1,CHLA,,3.4176,UG/L,L01 ,ODU,,,,,37.23653,-76.20799,T3
CB6.4,389690,BAY640,TWQM,MAIN,VADEQ,ODU,CB6.4,1/12/2015,11:53:00,10,8,8,1,S ,D,S1,CHLA,,4.1385,UG/L,L01 ,ODU,,,,,37.23653,-76.20799,T3
CB6.4,389691,BAY642,TWQM,MAIN,VADEQ,ODU,CB6.4,2/9/2015,12:23:00,10,7,7,1,S ,D,S1,CHLA,,3.5244,UG/L,L01 ,ODU,,,,,37.23653,-76.20799,T3
CB6.4,389733,BAY644,TWQM,MAIN,VADEQ,ODU,CB6.4,3/9/2015,12:58:00,9,4,5,1,S ,D,S1,CHLA,,1.2816,UG/L,L01 ,ODU,,,,,37.23653,-76.20799,T3
CB6.4,389734,BAY646,TWQM,MAIN,VADEQ,ODU,CB6.4,4/7/2015,15:29:00,9,,,1,S ,D,S1,CHLA,,2.5632,UG/L,L01 ,ODU,,,,,37.23653,-76.20799,T3
CB6.4,390875,BAY648,TWQM,MAIN,VADEQ,ODU,CB6.4,5/5/2015,15:32:00,9,5,5,1,S ,D,S1,CHLA,,12.282,UG/L,L01 ,ODU,,,,,37.23653,-76.20799,T3
CB6.4,390876,BAY651,TWQM,MAIN,VADEQ,ODU,CB6.4,6/23/2015,16:35:00,9,4,4,1,S ,D,S1,CHLA,,6.942,UG/L,L01 ,ODU,,,,,37.23653,-76.20799,T3
CB6.4,391285,BAY653,TWQM,MAIN,VADEQ,ODU,CB6.4,7/21/2015,16:05:00,10,5,5,1,S ,D,S1,CHLA,,8.544,UG/L,L01 ,ODU,,,,,37.23653,-76.20799,T3
CB6.4,391286,BAY654,TWQM,MAIN,VADEQ,ODU,CB6.4,8/6/2015,7:36:00,9,,,1,S ,D,S1,CHLA,,7.476,UG/L,L01 ,ODU,,,,,37.23653,-76.20799,T3
CB6.4,391287,BAY655,TWQM,MAIN,VADEQ,ODU,CB6.4,8/27/2015,13:11:00,9,,,1,S ,D,S1,CHLA,,9.1848,UG/L,L01 ,ODU,,,,,37.23653,-76.20799,T3
CB6.4,393042,BAY659,TWQM,MAIN,VADEQ,ODU,CB6.4,10/21/2015,16:11:00,8,3,3,1,S ,D,S1,CHLA,,4.1652,UG/L,L01 ,ODU,,,,,37.23653,-76.20799,T3
CB6.4,393769,BAY604,TWQM,MAIN,VADEQ,ODU,CB6.4,7/16/2013,15:43:00,10,8,8,1,S ,D,S1,CHLA,,8.544,UG/L,L01 ,ODU,,,,,37.23653,-76.20799,T3
CB6.4,393771,BAY606,TWQM,MAIN,VADEQ,ODU,CB6.4,8/13/2013,13:13:00,11,3,4,1,S ,D,S1,CHLA,,8.722,UG/L,L01 ,ODU,,,,,37.23653,-76.20799,T3
CB6.4,393861,BAY609,TWQM,MAIN,VADEQ,ODU,CB6.4,9/19/2013,15:23:00,10,8,8,1,S ,D,S1,CHLA,,5.073,UG/L,L01 ,ODU,,,,,37.23653,-76.20799,T3
CB6.4,393862,BAY611,TWQM,MAIN,VADEQ,ODU,CB6.4,10/22/2013,16:08:00,10,4,4,1,S ,D,S1,CHLA,,8.6508,UG/L,L01 ,ODU,,,,,37.23653,-76.20799,T3
CB6.4,393914,BAY612,TWQM,MAIN,VADEQ,ODU,CB6.4,11/11/2013,13:57:00,11,,,1,S ,D,S1,CHLA,,6.6216,UG/L,L01 ,ODU,,,,,37.23653,-76.20799,T3
CB6.4,393915,BAY614,TWQM,MAIN,VADEQ,ODU,CB6.4,12/9/2013,15:47:00,11,,,1,S ,D,S1,CHLA,,9.2115,UG/L,L01 ,ODU,,,,,37.23653,-76.20799,T3
CB6.4,393957,BAY618,TWQM,MAIN,VADEQ,ODU,CB6.4,2/18/2014,17:11:00,11,,,1,S ,D,S1,CHLA,,4.272,UG/L,L01 ,ODU,,,,,37.23653,-76.20799,T3
CB6.4,393989,BAY621,TWQM,MAIN,VADEQ,ODU,CB6.4,3/20/2014,14:29:00,10,4,4,1,S ,D,S1,CHLA,,4.806,UG/L,L01 ,ODU,,,,,37.23653,-76.20799,T3
CB6.4,393990,BAY622,TWQM,MAIN,VADEQ,ODU,CB6.4,4/14/2014,12:24:00,9,5,5,1,S ,D,S1,CHLA,,5.874,UG/L,L01 ,ODU,,,,,37.23653,-76.20799,T3
CB6.4,394049,BAY624,TWQM,MAIN,VADEQ,ODU,CB6.4,5/13/2014,16:07:00,9,3,3,1,S ,D,S1,CHLA,,8.7576,UG/L,L01 ,ODU,,,,,37.23653,-76.20799,T3
CB6.4,394050,BAY626,TWQM,MAIN,VADEQ,ODU,CB6.4,6/4/2014,8:52:00,9,4,4,1,S ,D,S1,CHLA,,7.3692,UG/L,L01 ,ODU,,,,,37.23653,-76.20799,T3
CB6.4,394136,BAY628,TWQM,MAIN,VADEQ,ODU,CB6.4,7/10/2014,8:09:00,9,3,3,1,S ,D,S1,CHLA,,10.324,UG/L,L01 ,ODU,,,,,37.23653,-76.20799,T3
CB6.4,394138,BAY630,TWQM,MAIN,VADEQ,ODU,CB6.4,8/5/2014,16:48:00,8,6,6,1,S ,D,S1,CHLA,,4.272,UG/L,L01 ,ODU,,,,,37.23653,-76.20799,T3
CB6.4,394139,BAY631,TWQM,MAIN,VADEQ,ODU,CB6.4,8/27/2014,15:08:00,10,8,8,1,S ,D,S1,CHLA,,4.5924,UG/L,L01 ,ODU,,,,,37.23653,-76.20799,T3
CB6.4,412898,BAY661,TWQM,MAIN,VADEQ,ODU,CB6.4,11/24/2015,11:42:00,9,,,1,S ,D,S1,CHLA,,4.50933,UG/L,L01 ,ODU,,,,,37.23653,-76.20799,T3
CB6.4,412899,BAY662,TWQM,MAIN,VADEQ,ODU,CB6.4,12/15/2015,11:53:00,10,,,1,S ,D,S1,CHLA,,3.8448,UG/L,L01 ,ODU,,,,,37.23653,-76.20799,T3
CB6.4,416721,BAY664,TWQM,MAIN,VADEQ,ODU,CB6.4,1/11/2016,14:03:00,10,6,6,1,S ,D,S1,CHLA,,5.1264,UG/L,L01 ,ODU,,,,,37.23653,-76.20799,T3
CB6.4,416722,BAY666,TWQM,MAIN,VADEQ,ODU,CB6.4,2/9/2016,12:56:00,10,5,5,1,S ,D,S1,CHLA,,6.141,UG/L,L01 ,ODU,,,,,37.23653,-76.20799,T3
CB6.4,420757,BAY668,TWQM,MAIN,VADEQ,ODU,CB6.4,3/14/2016,17:19:00,10,6,7,1,S ,D,S1,CHLA,,9.078,UG/L,L01 ,ODU,,,,,37.23653,-76.20799,T3
CB6.4,420758,BAY671,TWQM,MAIN,VADEQ,ODU,CB6.4,4/18/2016,17:19:00,10,7,7,1,S ,D,S1,CHLA,,4.806,UG/L,L01 ,ODU,,,,,37.23653,-76.20799,T3
CB6.4,420816,BAY672,TWQM,MAIN,VADEQ,ODU,CB6.4,5/10/2016,12:47:00,9,6,7,1,S ,D,S1,CHLA,,5.7672,UG/L,L01 ,ODU,,,,,37.23653,-76.20799,T3
CB6.4,420817,BAY674,TWQM,MAIN,VADEQ,ODU,CB6.4,6/7/2016,15:09:00,9,,,1,S ,D,S1,CHLA,,3.9516,UG/L,L01 ,ODU,,,,,37.23653,-76.20799,T3
CB6.4,420818,BAY675,TWQM,MAIN,VADEQ,ODU,CB6.4,6/29/2016,8:37:00,10,7,7,1,S ,D,S1,CHLA,,6.408,UG/L,L01 ,ODU,,,,,37.23653,-76.20799,T3
CB6.4,420900,BAY676,TWQM,MAIN,VADEQ,ODU,CB6.4,7/13/2016,8:48:00,9,6,6,1,S ,D,S1,CHLA,,4.9395,UG/L,L01 ,ODU,,,,,37.23653,-76.20799,T3
CB6.4,420902,BAY678,TWQM,MAIN,VADEQ,ODU,CB6.4,8/9/2016,16:54:00,9,7,7,1,S ,D,S1,CHLA,,5.34,UG/L,L01 ,ODU,,,,,37.23653,-76.20799,T3
CB6.4,420903,BAY679,TWQM,MAIN,VADEQ,ODU,CB6.4,8/31/2016,10:41:00,10,5,5,1,S ,D,S1,CHLA,,3.44133,UG/L,L01 ,ODU,,,,,37.23653,-76.20799,T3
CB6.4,422697,BAY681,TWQM,MAIN,VADEQ,ODU,CB6.4,9/26/2016,8:48:00,9,,,1,S ,D,S1,CHLA,,4.272,UG/L,L01 ,ODU,,,,,37.23653,-76.20799,T3
CB6.4,422698,BAY683,TWQM,MAIN,VADEQ,ODU,CB6.4,10/19/2016,11:48:00,10,3,3,1,S ,D,S1,CHLA,,5.6604,UG/L,L01 ,ODU,,,,,37.23653,-76.20799,T3
CB6.4,425502,BAY684,TWQM,MAIN,VADEQ,ODU,CB6.4,11/15/2016,12:00:00,10,,,1,S ,D,S1,CHLA,,8.01,UG/L,L01 ,ODU,,,,,37.23653,-76.20799,T3
CB6.4,427482,BAY689,TWQM,MAIN,VADEQ,ODU,CB6.4,1/25/2017,16:09:00,10,6,6,1,S ,D,S1,CHLA,,2.136,UG/L,L01 ,ODU,,,,,37.23653,-76.20799,T3
CB6.4,427483,BAY690,TWQM,MAIN,VADEQ,ODU,CB6.4,2/17/2017,10:14:00,10,,,1,S ,D,S1,CHLA,,2.2428,UG/L,L01 ,ODU,,,,,37.23653,-76.20799,T3
CB6.4,427535,BAY693,TWQM,MAIN,VADEQ,ODU,CB6.4,3/28/2017,8:11:00,10,2,2,1,S ,D,S1,CHLA,,1.602,UG/L,L01 ,ODU,,,,Sample collected approximately 20 minutes before above pycnocline sample collected.,37.23653,-76.20799,T3
CB6.4,427536,BAY694,TWQM,MAIN,VADEQ,ODU,CB6.4,4/11/2017,15:20:00,9,,,1,S ,D,S1,CHLA,,2.7768,UG/L,L01 ,ODU,,,,,37.23653,-76.20799,T3
CB6.4,428494,BAY696,TWQM,MAIN,VADEQ,ODU,CB6.4,5/10/2017,9:00:00,10,,,1,S ,D,S1,CHLA,,4.4856,UG/L,L01 ,ODU,,,,,37.23653,-76.20799,T3
CB6.4,428495,BAY698,TWQM,MAIN,VADEQ,ODU,CB6.4,6/14/2017,13:04:00,9,3,4,1,S ,D,S1,CHLA,,4.1652,UG/L,L01 ,ODU,,,,,37.23653,-76.20799,T3
CB6.4,428496,BAY699,TWQM,MAIN,VADEQ,ODU,CB6.4,6/27/2017,16:40:00,10,,,1,S ,D,S1,CHLA,,15.13,UG/L,L01 ,ODU,,,,,37.23653,-76.20799,T3
CB6.4,428999,BAY700,TWQM,MAIN,VADEQ,ODU,CB6.4,7/13/2017,8:45:00,9,3,3,1,S ,D,S1,CHLA,,8.4372,UG/L,L01 ,ODU,,,,,37.23653,-76.20799,T3
CB6.4,429001,BAY702,TWQM,MAIN,VADEQ,ODU,CB6.4,8/9/2017,7:56:00,9,5,5,1,S ,D,S1,CHLA,,7.3692,UG/L,L01 ,ODU,,,,,37.23653,-76.20799,T3
CB6.4,429002,BAY703,TWQM,MAIN,VADEQ,ODU,CB6.4,8/31/2017,13:06:00,10,4,4,1,S ,D,S1,CHLA,,7.6896,UG/L,L01 ,ODU,,,,,37.23653,-76.20799,T3
CB6.4,429626,BAY705,TWQM,MAIN,VADEQ,ODU,CB6.4,9/20/2017,15:28:00,11,7,7,1,S ,D,S1,CHLA,,8.2236,UG/L,L01 ,ODU,,,,,37.23653,-76.20799,T3
CB6.4,429627,BAY707,TWQM,MAIN,VADEQ,ODU,CB6.4,10/19/2017,15:57:00,9,,,1,S ,D,S1,CHLA,,5.9808,UG/L,L01 ,ODU,,,,,37.23653,-76.20799,T3
CB6.4,429947,BAY708,TWQM,MAIN,VADEQ,ODU,CB6.4,11/16/2017,7:51:00,11,8,8,1,S ,D,S1,CHLA,,4.272,UG/L,L01 ,ODU,,,,,37.23653,-76.20799,T3
CB6.4,444519,BAY713,TWQM,MAIN,VADEQ,ODU,CB6.4,1/16/2018,15:31:00,11,7,7,1,S ,D,S1,CHLA,,3.6312,UG/L,L01 ,ODU,,,,,37.23653,-76.20799,T3
CB6.4,444520,BAY714,TWQM,MAIN,VADEQ,ODU,CB6.4,2/15/2018,14:53:00,9,7,7,1,S ,D,S1,CHLA,,,UG/L,L01 ,ODU,A ,,,Centrifuge tube broke.,37.23653,-76.20799,T3
CB6.4,447894,BAY716,TWQM,MAIN,VADEQ,ODU,CB6.4,3/15/2018,12:19:00,10,3,3,1,S ,D,S1,CHLA,,7.3692,UG/L,L01 ,ODU,,,,,37.23653,-76.20799,T3
CB6.4,447895,BAY719,TWQM,MAIN,VADEQ,ODU,CB6.4,4/26/2018,11:53:00,10,,,1,S ,D,S1,CHLA,,4.1652,UG/L,L01 ,ODU,,,,Sample filtered in laboratory 6.5 hours after collection.,37.23653,-76.20799,T3
CB6.4,448768,BAY720,TWQM,MAIN,VADEQ,ODU,CB6.4,5/16/2018,13:22:00,9,,,1,S ,D,S1,CHLA,,3.3108,UG/L,L01 ,ODU,,,,,37.23653,-76.20799,T3
CB6.4,448769,BAY722,TWQM,MAIN,VADEQ,ODU,CB6.4,6/5/2018,7:53:00,10,7,7,1,S ,D,S1,CHLA,,4.6992,UG/L,L01 ,ODU,,,,,37.23653,-76.20799,T3
CB6.4,448770,BAY723,TWQM,MAIN,VADEQ,ODU,CB6.4,6/28/2018,12:42:00,10,4,4,1,S ,D,S1,CHLA,,8.01,UG/L,L01 ,ODU,,,,,37.23653,-76.20799,T3
CB6.4,449498,BAY724,TWQM,MAIN,VADEQ,ODU,CB6.4,7/9/2018,14:52:00,10,6,6,1,S ,D,S1,CHLA,,10.146,UG/L,L01 ,ODU,,,,,37.23653,-76.20799,T3
CB6.4,449500,BAY726,TWQM,MAIN,VADEQ,ODU,CB6.4,8/7/2018,17:12:00,10,7,7,1,S ,D,S1,CHLA,,12.6024,UG/L,L01 ,ODU,,,,,37.23653,-76.20799,T3
CB6.4,449501,BAY727,TWQM,MAIN,VADEQ,ODU,CB6.4,8/28/2018,16:18:00,10,,,1,S ,D,S1,CHLA,,5.7672,UG/L,L01 ,ODU,,,,,37.23653,-76.20799,T3
CB6.4,449587,BAY729,TWQM,MAIN,VADEQ,ODU,CB6.4,9/26/2018,13:19:00,10,3,3,1,S ,D,S1,CHLA,,6.0876,UG/L,L01 ,ODU,,,,,37.23653,-76.20799,T3
CB6.4,449588,BAY730,TWQM,MAIN,VADEQ,ODU,CB6.4,10/17/2018,10:26:00,10,8,8,1,S ,D,S1,CHLA,,6.8352,UG/L,L01 ,ODU,,,,,37.23653,-76.20799,T3
CB6.4,450745,BAY732,TWQM,MAIN,VADEQ,ODU,CB6.4,11/20/2018,9:03:00,10,4,4,1,S ,D,S1,CHLA,,8.6508,UG/L,L01 ,ODU,,,,,37.23653,-76.20799,T3
CB6.4,450746,BAY734,TWQM,MAIN,VADEQ,ODU,CB6.4,12/12/2018,7:52:00,10,8,8,1,S ,D,S1,CHLA,,15.5928,UG/L,L01 ,ODU,,,,,37.23653,-76.20799,T3
CB6.4,453541,BAY736,TWQM,MAIN,VADEQ,ODU,CB6.4,1/15/2019,11:41:00,9,5,5,1,S ,D,S1,CHLA,,8.9712,UG/L,L01 ,ODU,,,,,37.23653,-76.20799,T3
CB6.4,453542,BAY738,TWQM,MAIN,VADEQ,ODU,CB6.4,2/14/2019,16:04:00,9,7,7,1,S ,D,S1,CHLA,,7.1556,UG/L,L01 ,ODU,,,,,37.23653,-76.20799,T3
CB6.4,454303,BAY740,TWQM,MAIN,VADEQ,ODU,CB6.4,3/14/2019,8:31:00,10,5,5,1,S ,D,S1,CHLA,,23.7096,UG/L,L01 ,ODU,,,,,37.23653,-76.20799,T3
CB6.4,454304,BAY743,TWQM,MAIN,VADEQ,ODU,CB6.4,4/23/2019,11:09:00,10,2,2,1,S ,D,S1,CHLA,,10.68,UG/L,L01 ,ODU,,,,Sample collected approximately 10 minutes before above pycnocline sample collected.,37.23653,-76.20799,T3
CB6.4,455753,BAY745,TWQM,MAIN,VADEQ,ODU,CB6.4,5/20/2019,12:00:00,9,4,4,1,S ,D,S1,CHLA,,6.7284,UG/L,L01 ,ODU,,,,,37.23653,-76.20799,T3
CB6.4,455754,BAY746,TWQM,MAIN,VADEQ,ODU,CB6.4,6/4/2019,7:57:00,9,7,7,1,S ,D,S1,CHLA,,15.0855,UG/L,L01 ,ODU,,,,,37.23653,-76.20799,T3
CB6.4,455755,BAY747,TWQM,MAIN,VADEQ,ODU,CB6.4,6/25/2019,14:04:00,9,6,6,1,S ,D,S1,CHLA,,18.69,UG/L,L01 ,ODU,,,,,37.23653,-76.20799,T3
CB6.4,455924,BAY748,TWQM,MAIN,VADEQ,ODU,CB6.4,7/10/2019,11:43:00,9,,,1,S ,D,S1,CHLA,,10.98514,UG/L,L01 ,ODU,,,,,37.23653,-76.20799,T3
CB6.4,455926,BAY750,TWQM,MAIN,VADEQ,ODU,CB6.4,8/5/2019,12:56:00,10,3,3,1,S ,D,S1,CHLA,,4.1652,UG/L,L01 ,ODU,,,,,37.23653,-76.20799,T3
CB6.4,455927,BAY751,TWQM,MAIN,VADEQ,ODU,CB6.4,8/28/2019,14:13:00,9,6,6,1,S ,D,S1,CHLA,,9.5052,UG/L,L01 ,ODU,,,,,37.23653,-76.20799,T3
CB6.4,457785,BAY753,TWQM,MAIN,VADEQ,ODU,CB6.4,9/20/2019,11:27:00,9,5,5,1,S ,D,S1,CHLA,,4.3788,UG/L,L01 ,ODU,,,,,37.23653,-76.20799,T3
CB6.4,457786,BAY754,TWQM,MAIN,VADEQ,ODU,CB6.4,10/15/2019,15:58:00,9,7,7,1,S ,D,S1,CHLA,,10.5732,UG/L,L01 ,ODU,,,,,37.23653,-76.20799,T3
CB6.4,459177,BAY756,TWQM,MAIN,VADEQ,ODU,CB6.4,11/11/2019,11:38:00,10,,,1,S ,D,S1,CHLA,,5.0196,UG/L,L01 ,ODU,,,,,37.23653,-76.20799,T3
CB6.4,459178,BAY758,TWQM,MAIN,VADEQ,ODU,CB6.4,12/9/2019,11:35:00,10,,,1,S ,D,S1,CHLA,,7.0488,UG/L,L01 ,ODU,,,,,37.23653,-76.20799,T3
